id,katakana,english
1,"アーカイバ","archiver"
2,"アーカイブ","archive"
3,"アーカイブファイル","archive file"
4,"アーキテクチャ","architecture"
5,"アーケードゲーム","arcade game"
6,"アイデア","idea"
7,"アイディア","idea"
8,"アイデンティティ","identity"
9,"アイドル","idol"
10,"アウトプット","output"
11,"アウトライン","outline"
12,"アクションゲーム","action game"
13,"アクセサ","accessor"
14,"アクセス","access"
15,"アクセスキー","access key"
16,"アクセスコントロール","access control"
17,"アクチュエータ","actuator"
18,"アクティブ","active"
19,"アクティブウィンドウ","active window"
20,"アクティブスクリプト","active script"
21,"アクティベート","activate"
22,"アサイン","assign"
23,"アジャイル","agile"
24,"アスキー","ascii"
25,"アスタリスク","asterisk"
26,"アスペクト","aspect"
27,"アセンブラ","assembler"
28,"アセンブリ","assembly"
29,"アセンブル","assemble"
30,"アソシエーション","association"
31,"アタッチ","attach"
32,"アダプタ","adapter"
33,"アップグレード","upgrade"
34,"アップデート","an update"
35,"アップリンク","uplink"
36,"アップローダ","uploader"
37,"アップロード","upload"
38,"アド","ad"
39,"アドイン","add-in"
40,"アドウェア","adware"
41,"アドバンテージ","advantage"
42,"アドホック","ad hoc"
43,"アドミニストレータ","administrator"
44,"アトリビュート","attribute"
45,"アドレス","address"
46,"アナログ","analog"
47,"アニメーション","animation"
48,"アフィリエイトサービス","affiliate services"
49,"アプリケーション","application"
50,"アプリケーションキー","application key"
51,"アプリケーションサーバ","application server"
52,"アプリケーションサーバー","application server"
53,"アプリケーションシステム","application system"
54,"アプリケーションソフト","application software"
55,"アプリケーションソフトウェア","applications software"
56,"アプリケーションフレームワーク","application framework"
57,"アプリケーションプログラム","application program"
58,"アプレット","applet"
59,"アプローチ","approach"
60,"アベイラビリティ","availability"
61,"アルゴリズム","algorithm"
62,"アルファベット","alphabet"
63,"アルファ","alpha"
64,"アレイ","array"
65,"アンインストール","uninstall"
66,"アンダーフロー","underflow"
67,"アンダーライン","underline"
68,"アンチウィルス","anti-virus"
69,"アンチウィルスソフト","anti-virus software"
70,"アンチウイルスソフト","antivirus software"
71,"アンテナ","antenna"
72,"アンマウント","unmount"
73,"イーサネット","ethernet"
74,"イグジット","exit"
75,"イジェクト","eject"
76,"イニシエータ","initiator"
77,"イノベーション","innovation"
78,"イベントハンドラ","event handler"
79,"イベントログ","event log"
80,"イベント","event"
81,"イメージデータ","image data"
82,"インクジェットプリンタ","ink-jet printer"
83,"インクリメンタルサーチ","incremental search"
84,"インジケータ","indicator"
85,"インシデント","incident"
86,"インスタンス","instance"
87,"インストーラ","installer"
88,"インストーラー","installer"
89,"インストール","installation"
90,"インストラクション","instruction"
91,"インスペクタ","inspector"
92,"インターネット","internet"
93,"インターネットアクセス","internet access"
94,"インターネットエクスプローラ","internet explorer"
95,"インターネットカフェ","internet cafe"
96,"インターネットサービス","internet service"
97,"インターネットサービスプロバイダ","internet service providers"
98,"インターネットサイト","internet site"
99,"インターネットバンキング","internet banking"
100,"インターネットビジネス","internet business"
101,"インターネットプロトコル","internet protocol"
102,"インターフェイス","interface"
103,"インターフェース","interface"
104,"インタープリタ","interpreter"
105,"インタープリター","interpreter"
106,"インターレース","interlaced"
107,"インタフェイス","interface"
108,"インタフェース","an interface"
109,"インタラクティブ","interactive"
110,"インテグレーション","integration"
111,"インデックス","index"
112,"インテリジェンス","intelligence"
113,"インテリジェント","intelligent"
114,"インデント","indent"
115,"イントラネット","intranet"
116,"インバウンド","inbound"
117,"インフォメーション","information"
118,"インプット","input"
119,"インフラ","infrastructure"
120,"インフラストラクチャー","infrastructure"
121,"インプレッション","impression"
122,"インライン","inline"
123,"ウイルス","virus"
124,"ウイルスチェック","virus check"
125,"ウイルス、ソフト","virus, software"
126,"ウィンドウ","window"
127,"ウインドウ","window"
128,"ウィンドウサイズ","window size"
129,"ウィンドウズ","windows"
130,"ウィンドウマネージャ","window manager"
131,"ウエブ","web"
132,"ウェブアプリケーション","web application"
133,"ウェブサーバ","web server"
134,"ウェブサーバー","web server"
135,"ウェブサイト","website"
136,"ウエブサイト","web site"
137,"ウェブブラウザ","web browser"
138,"ウェブブラウザー","web browser"
139,"ウェブページ","web page"
140,"ウェブマスター","webmaster"
141,"ウォークスルー","walk-through"
142,"エアバッグ","air-bag"
143,"エージェント","agent"
144,"エキスパート","expert"
145,"エスカレーション","escalation"
146,"エスケープ","escape"
147,"エスケープキー","escape key"
148,"エスケープシーケンス","escape sequence"
149,"エッジ","edge"
150,"エディション","edition"
151,"エディタ","editor"
152,"エディター","editor"
153,"エフェクト","effect"
154,"エミュレーション","emulation"
155,"エミュレータ","emulator"
156,"エミュレーター","emulator"
157,"エミュレート","emulate"
158,"エラー","error"
159,"エラーコード","error code"
160,"エラーチェック","error checking"
161,"エラーハンドリング","error handling"
162,"エラーメッセージ","error message"
163,"エラーログ","error log"
164,"エリア","area"
165,"エレクトロニクス","electronics"
166,"エレメント","element"
167,"エンコーダ","encoder"
168,"エンコーダー","encoder"
169,"エンジニア","engineer"
170,"エンジニアリング","engineering"
171,"エンジン","engine"
172,"エンター","enter"
173,"エンターキー","enter key"
174,"エンタープライズ","enterprise"
175,"エンタープライズレベル","enterprise level"
176,"エンディアン","endian"
177,"エンティティ","entity"
178,"エンドツーエンド","end-to-end"
179,"エンドポイント","end point"
180,"エントリ","entry"
181,"エントリポイント","entry point"
182,"オーサリングツール","authoring tool"
183,"オーディオ","audio"
184,"オートスケーリング","auto scaling"
185,"オーバー","over"
186,"オーバーレイ","overlay"
187,"オーバヘッド","overhead"
188,"オーバレイ","overlay"
189,"オープンアーキテクチャ","open architecture"
190,"オープンソース","open source"
191,"オープンソース・ソフトウェア","open source software"
192,"オープンソースソフトウェア","open source software"
193,"オープンプラットフォーム","open platform"
194,"オープン","open"
195,"オシロスコープ","oscilloscope"
196,"オフィスコンピュータ","office computer"
197,"オフコン","office computer"
198,"オブザーバー","observer"
199,"オブジェクト","object"
200,"オブジェクトコード","object code"
201,"オブジェクトファイル","object file"
202,"オブジェクト、データベース","objects, database"
203,"オブジェクト、プログラミング","object, programming"
204,"オフショア","offshore"
205,"オプション","option"
206,"オフセット","offset"
207,"オプティマイザ","optimizer"
208,"オフライン","off-line"
209,"オペランド","operand"
210,"オペレーション","operation"
211,"オペレータ","operator"
212,"オペレーター","operator"
213,"オペレーティング","operating"
214,"オペレーティングシステム","operating system"
215,"オン","on"
216,"オンサイト","on-site"
217,"オンボード","on-board"
218,"オンメモリ","on memory"
219,"オンライン","online"
220,"オンラインゲーム","online game"
221,"オンラインシステム","online system"
222,"オンラインショップ","online shop"
223,"オンラインストレージ","online storage"
224,"オンラインテスト","online test"
225,"オンライントレード","online trading"
226,"オンラインバックアップ","online backup"
227,"オンラインバンキング","online banking"
228,"オンラインヘルプ","online help"
229,"カーソル","cursor"
230,"カーソルキー","cursor key"
231,"カードスロット","card slot"
232,"カードリーダー","card reader"
233,"カーナビ","car navigation system"
234,"カーナビゲーション","car navigation"
235,"カーニング","kerning"
236,"カーネル","kernel"
237,"ガイドライン","guideline"
238,"カウンタ","counter"
239,"カウント","count"
240,"カウントアップ","count up"
241,"カスケード","cascade"
242,"カスタマーサポート","customer support"
243,"カスタマイズ","customize"
244,"カスタム","custom"
245,"カスタムコントロール","custom controls"
246,"カテゴリ","category"
247,"カテゴリー","category"
248,"カバー","cover"
249,"カプセル","capsule"
250,"ガベージコレクション","garbage collection"
251,"カメラ","camera"
252,"カラム","column"
253,"カレントディレクトリ","current directory"
254,"ガントチャート","gantt chart"
255,"カンバ","kamba"
256,"カンファレンス","conference"
257,"カンマ","comma"
258,"ガンマ","gamma"
259,"キー","key"
260,"キーアサイン","key assign"
261,"ギーク","geek"
262,"キーコード","key code"
263,"キーストローク","keystroke"
264,"キータッチ","key touch"
265,"キートップ","key top"
266,"キーノート","keynote"
267,"キーパッド","keypad"
268,"キーフレーム","key-frame"
269,"キーボード","keyboard"
270,"キーボードショートカット","keyboard shortcut"
271,"キーボード入力","keyboard input"
272,"キーロガー","keylogger"
273,"キーワード","keyword"
274,"ギガバイト","gigabyte"
275,"ギガビット","gigabit"
276,"ギガビットイーサネット","gigabit ethernet"
277,"キャッシュ","cache"
278,"キャッシュファイル","cache file"
279,"キャッシュメモリ","cache memory"
280,"キャッチ","catch"
281,"キャパシティプランニング","capacity planning"
282,"キャプション","caption"
283,"キャプチャデバイス","capture device"
284,"キャラクタ","character"
285,"キャラクタベース","character-based"
286,"キャリア","carrier"
287,"キューイング","queuing"
288,"キラー","killer"
289,"ギリシア","greek"
290,"キロバイト","kilobyte"
291,"クイックソート","quick sort"
292,"クエリ","query"
293,"クエリー","query"
294,"クライアントサーバ","client server"
295,"クラウド","cloud"
296,"クラウドコンピューティング","cloud computing"
297,"クラスタリング","clustering"
298,"クラスライブラリ","class library"
299,"クラス","class"
300,"クラッキング","cracking"
301,"クラック","crack"
302,"クラッシュ","crash"
303,"グラフ","graph"
304,"グラフィカル","graphical"
305,"グラフィクス","graphics"
306,"グラフィック","graphic"
307,"グラフィックカード","graphic card"
308,"グラフィックス","graphics"
309,"グラフィックスカード","graphics card"
310,"グラフィックスチップ","graphics chip"
311,"グラフィックスボード","graphics board"
312,"グラフィックソフト","graphic soft"
313,"グラフィックツール","graphic tools"
314,"クリーンインストール","clean install"
315,"クリエイティブ","creative"
316,"グリッド","grid"
317,"クリップ","clip"
318,"クリップアート","clip art"
319,"グループ","group"
320,"グループウェア","groupware"
321,"グレースケール","grayscale"
322,"グレード","grade"
323,"クレジット","credit"
324,"クローズ","close"
325,"クローズド","closed"
326,"グローバル","global"
327,"グローバルアドレス","global address"
328,"クロール","crawl"
329,"クロスケーブル","cross cable"
330,"クロスサイトスクリプティング","cross site scripting"
331,"クロス","cross"
332,"クロック","clock"
333,"クロックアップ","clock up"
334,"ケースバイケース","case-by-case"
335,"ゲートウェイ","gateway"
336,"ゲームソフト","game software"
337,"ケール","kale"
338,"コア","core"
339,"コアダンプ","core dump"
340,"コーディネーション","coordination"
341,"コーディング","coding"
342,"コーデック","codec"
343,"コード","code"
344,"コードネーム","code name"
345,"コーパス","corpus"
346,"コーポレート","corporate"
347,"コール","call"
348,"コールドブート","cold boot"
349,"ゴシック","gothic"
350,"コスト","cost"
351,"コネクション","connection"
352,"コネクタ","connector"
353,"コピー","copy"
354,"コプロセッサ","coprocessor"
355,"コマース","commerce"
356,"コマンド","command"
357,"コマンドキー","command key"
358,"コマンドプロンプト","command prompt"
359,"コマンドライン","command line"
360,"コマンドレット","command let"
361,"コマンド入力","command input"
362,"コミッション","commission"
363,"コミット","commit"
364,"コミットメント","commitment"
365,"コミュニケーション","communication"
366,"コミュニティ","community"
367,"コミュニティー","community"
368,"コラボレーション","collaboration"
369,"コンサルティング","consulting"
370,"コンシューマ","consumer"
371,"コンセプト","concept"
372,"コンソーシアム","consortium"
373,"コンソール","console"
374,"コンソールアプリケーション","console application"
375,"コンテキスト","context"
376,"コンテクスト","context"
377,"コンテナ","container"
378,"コンデンサ","capacitor"
379,"コンテンツ","content"
380,"コンテンツプロバイダ","content provider"
381,"コンテンツプロバイダー","content provider"
382,"コンテンツ、システム","content, system"
383,"コントラスト","contrast"
384,"コントローラ","controller"
385,"コントローラー","controller"
386,"コントロール","control"
387,"コントロールパネル","control panel"
388,"コンバージェンス","convergence"
389,"コンバータ","converter"
390,"コンバーター","converter"
391,"コンバート","convert"
392,"コンパイラ","compiler"
393,"コンパイラー","compiler"
394,"コンパイル","compile"
395,"コンパクトフラッシュ","compact flash"
396,"コンピュータ","computer"
397,"コンピューター","computer"
398,"コンピュータアーキテクチャ","computer architecture"
399,"コンピューターウイルス","computer virus"
400,"コンピューターシステム","computer system"
401,"コンピューターセキュリティ","computer security"
402,"コンピュータウイルス","computer virus"
403,"コンピュータグラフィックス","computer graphics"
404,"コンピュータゲーム","computer game"
405,"コンピュータシステム","computer system"
406,"コンピュータセキュリティ","computer security"
407,"コンピュータソフト","computer software"
408,"コンピュータソフトウェア","computer software"
409,"コンピュータネットワーク","computer network"
410,"コンピューティング","computing"
411,"コンピュート","compute"
412,"コンフィギュレーション","configuration"
413,"コンフィグレーション","configuration"
414,"コンポーネント","component"
415,"コンボボックス","combo box"
416,"コンマ","comma"
417,"サーチ","search"
418,"サーチエンジン","search engine"
419,"サーチパス","search path"
420,"サード","third"
421,"サーバ","server"
422,"サーバー","server"
423,"サービス","service"
424,"サービスプロバイダ","service providers"
425,"サーベイ","survey"
426,"サイエンス","science"
427,"サイコロ","dice"
428,"サイト","site"
429,"サインアウト","sign out"
430,"サウンドカード","sound card"
431,"サウンドファイル","sound file"
432,"サウンドボード","sound board"
433,"サウンド","sound"
434,"サジェスト","suggest"
435,"サスペンド","suspend"
436,"サブクラス","subclass"
437,"サブコマンド","subcommand"
438,"サブシステム","subsystem"
439,"サブドメイン","subdomain"
440,"サブネットマスク","subnet mask"
441,"サブメニュー","submenu"
442,"サプライヤー","supplier"
443,"サブルーチン","subroutine"
444,"サポート","support"
445,"サマリー","summary"
446,"サンドボックス","sandbox"
447,"サンプリング","sampling"
448,"サンプリングレート","sampling rate"
449,"シーク","seek"
450,"シークタイム","seek time"
451,"シーケンシャル","sequential"
452,"シーケンシャルアクセス","sequential access"
453,"シーケンス","sequence"
454,"シームレス","seamless"
455,"シールド","shield"
456,"シェア","share"
457,"シェアウェア","shareware"
458,"シェアリング","sharing"
459,"ジェスチャー","gesture"
460,"シェル","shell"
461,"シェルスクリプト","shell script"
462,"システム","system"
463,"システムアーキテクチャ","system architecture"
464,"システムアドミニストレータ","system administrator"
465,"システムインテグレーション","system integration"
466,"システムインテグレータ","system integrator"
467,"システムエラー","system error"
468,"システムエンジニア","system engineer"
469,"システムソフトウェア","system software"
470,"システムダウン","system down"
471,"システムテスト","system test"
472,"システムドライブ","system drive"
473,"システムファイル","system file"
474,"システムリソース","system resource"
475,"シノニム","synonym"
476,"シビア","severe"
477,"シフト","shift"
478,"シミュレーション","simulation"
479,"シミュレータ","simulator"
480,"シミュレーター","simulator"
481,"シミュレート","simulate"
482,"ジャイロ","gyro"
483,"シャット","shut"
484,"ジャバ","Java"
485,"ジャバスクリプト","JavaScript"
486,"ジャンプ","jump"
487,"シューティング","shooting"
488,"シューティングゲーム","shooting game"
489,"ジョイン","join"
490,"ショートカット","shortcut"
491,"ショートカットキー","shortcut key"
492,"ジョブキュー","job queue"
493,"ジョブ","job"
494,"シリアル","serial"
495,"シリアルポート","serial port"
496,"シリンダ","cylinder"
497,"シンクライアント","synclient"
498,"シングルクォート","single quote"
499,"シングルクリック","single-click"
500,"シングルサインオン","single sign-on"
501,"シングルタスク","single task"
502,"シングルモード","single-mode"
503,"シンセサイザー","synthesizer"
504,"シンタックス","syntax"
505,"シンタックスエラー","syntax error"
506,"シンプル","simple"
507,"シンポジウム","symposium"
508,"シンボリックリンク","symbolic link"
509,"シンボル","symbol"
510,"スイッチ","switch"
511,"スイッチャー","switcher"
512,"スイッチング","switching"
513,"スイッチングハブ","switching hub"
514,"スーパーコンピュータ","supercomputer"
515,"スーパーコンピューター","supercomputer"
516,"スーパーユーザ","superuser"
517,"ズーム","zoom"
518,"ズームレンズ","zoom lens"
519,"スカラー","scalar"
520,"スキーマ","schema"
521,"スキーム","scheme"
522,"スキップ","skip"
523,"スキャナ","scanner"
524,"スキャン","scan"
525,"スクリーン","screen"
526,"スクリーンキャプチャ","screen capture"
527,"スクリーンセーバー","screen-saver"
528,"スクリプト","script"
529,"スクリプトファイル","script file"
530,"スクロール","scroll"
531,"スクロールバー","scroll bar"
532,"スケーラビリティ","scalability"
533,"スケーリング","scaling"
534,"スケール","scale"
535,"スケールアウト","scale-out"
536,"スケジューリング","scheduling"
537,"スケジュール","schedule"
538,"スコープ","scope"
539,"スタートアップ","startup"
540,"スタートボタン","start button"
541,"スター","star"
542,"スタック","stack"
543,"スタックトレース","stack trace"
544,"スタディ","study"
545,"スタティック","static"
546,"スタブ","stub"
547,"スタンドアローン","stand-alone"
548,"スタンドアロン","stand-alone"
549,"ステージング","staging"
550,"ステータス","status"
551,"ステータスバー","status bar"
552,"ステート","state"
553,"ストア","store"
554,"ストアドプロシージャ","stored procedure"
555,"ストップ","stop"
556,"ストライピング","striping"
557,"ストラクチャ","structure"
558,"ストリーム","stream"
559,"ストレージ","storage"
560,"スナップ","snap"
561,"スナップショット","snapshot"
562,"スパイウェア","spyware"
563,"スパコン","supercomputer"
564,"スパム","spam"
565,"スパムメール","spam e-mail"
566,"スパン","span"
567,"スピーカ","speaker"
568,"スピーディー","speedy"
569,"スピンドル","spindle"
570,"スプーフィング","spoofing"
571,"スプール","spool"
572,"スプレッドシート","spreadsheet"
573,"スペース","space"
574,"スペースキー","space bar"
575,"スペクトラム","spectrum"
576,"スペクトル","spectrum"
577,"スペシャリスト","specialist"
578,"スペル","spell"
579,"スマート","smart"
580,"スマートフォン","smartphone"
581,"スムース","smooth"
582,"スムーズ","smooth"
583,"スモール","small"
584,"スライダ","slider"
585,"スライダー","slider"
586,"スライド","slide"
587,"スライドショー","slide show"
588,"スラッシング","thrashing"
589,"スループット","throughput"
590,"スレート","slate"
591,"スレーブ","slave"
592,"スレッド","thread"
593,"スレッドセーフ","thread-safe"
594,"スロット","slot"
595,"スワイプ","swipe"
596,"スワップ","swap"
597,"セキュア","secure"
598,"セキュリティ","security"
599,"セキュリティー","security"
600,"セキュリティシステム","security system"
601,"セキュリティホール","security hole"
602,"セキュリティリスク","security risk"
603,"セクション","section"
604,"セクタ","sector"
605,"セグメンテーション","segmentation"
606,"セグメント","segment"
607,"セション","session"
608,"セッション","session"
609,"セットアップ","setup"
610,"セパレータ","separator"
611,"セマンティック","semantic"
612,"セミコロン","semicolon"
613,"セル","cell"
614,"セルフサービス","self-service"
615,"セルラー","cellular"
616,"セレクタ","selector"
617,"センサー","sensor"
618,"センシティブ","sensitive"
619,"センタリング","centering"
620,"ソーシャルエンジニアリング","social engineering"
621,"ソースコード","source code"
622,"ソート","sort"
623,"ゾーン","zone"
624,"ソケット","socket"
625,"ソフト","soft"
626,"ソフトウェア","software"
627,"ソフトウエア","software"
628,"ソフトウェアエンジニア","software engineer"
629,"ソフトウェアエンジニアリング","software engineering"
630,"ソフトウェアキーボード","software keyboard"
631,"ソフトウェアパッケージ","software package"
632,"ソフトウェアライセンス","software license"
633,"ソフトハウス","software house"
634,"ターゲット","target"
635,"ターニングポイント","turning point"
636,"ターミナル","terminal"
637,"ダイアログボックス","dialog box"
638,"ダイオード","diode"
639,"タイトルバー","title bar"
640,"ダイナミック","dynamic"
641,"タイマー","timer"
642,"ダイヤル","dial"
643,"ダイヤルアップ","dial-up"
644,"タイル","tile"
645,"ダイレクト","direct"
646,"ダイレクトアクセス","direct access"
647,"ダウン","down"
648,"ダウンタイム","down time"
649,"ダウンロード","download"
650,"タグ","tag"
651,"タスク","task"
652,"タスクバー","taskbar"
653,"ダッシュボード","dashboard"
654,"タッチスクリーン","touch screen"
655,"タッチパッド","touch-pad"
656,"タッチパネル","touch panel"
657,"タップ","tap"
658,"タブ","tab"
659,"ダブルクォーテーション","double quotes"
660,"ダブルクリック","double click"
661,"ダブルタップ","double tap"
662,"タブレット","tablet"
663,"ダミー","dummy"
664,"ダラー","dollar"
665,"タワー","tower"
666,"ダンプ","dump"
667,"チームリーダー","team leader"
668,"チェーンメール","chain mail"
669,"チェックイン","check-in"
670,"チェックサム","checksum"
671,"チェックディスク","check disk"
672,"チェック","check"
673,"チェックポイント","checkpoint"
674,"チェックボックス","checkbox"
675,"チェックマーク","check mark"
676,"チップ","chip"
677,"チャット","chat"
678,"チャットルーム","chat room"
679,"チャネル","channel"
680,"チャンネル","channel"
681,"チュートリアル","tutorial"
682,"チューリング","turing"
683,"チューリングマシン","turing machine"
684,"ツール","tool"
685,"ツールキット","toolkit"
686,"ツールバー","toolbar"
687,"ツリー","tree"
688,"ディザスタリカバリ","disaster recovery"
689,"ディジタル","digital"
690,"ディスカッション","discussion"
691,"ディスク","disk"
692,"ディスクアレイ","disk array"
693,"ディスクキャッシュ","disk cache"
694,"ディスクスペース","disk space"
695,"ディスクドライブ","disk drive"
696,"ディスクパーティション","disk partition"
697,"ディスクレス","diskless"
698,"ディスパッチ","dispatch"
699,"ディスパッチャ","dispatcher"
700,"ディスプレイ","display"
701,"ディスプレイモデル","display model"
702,"ティッカー","ticker"
703,"ディップスイッチ","dip switch"
704,"ディベロッパー","developer"
705,"ディメンション","dimension"
706,"ディレクティブ","directive"
707,"ディレクトリ","directory"
708,"ディレクトリー","directory"
709,"ディレクトリツリー","directory tree"
710,"データ","data"
711,"データウェアハウス","data warehouse"
712,"データストレージ","data storage"
713,"データセット","data set"
714,"データセンタ","data center"
715,"データタイプ","data type"
716,"データチェック","data check"
717,"データバス","data bus"
718,"データファイル","data file"
719,"データブロック","data block"
720,"データベース","database"
721,"データベースアクセス","database access"
722,"データベースエンジン","database engine"
723,"データベースサーバ","database server"
724,"データベースサーバー","database server"
725,"データベースシステム","database system"
726,"データベースソフト","database software"
727,"データマート","data mart"
728,"データマイニング","data mining"
729,"データモデリング","data modeling"
730,"データモデル","data model"
731,"データリンク","data link"
732,"テープカートリッジ","tape cartridge"
733,"テープレコーダー","tape recorder"
734,"テキスト","text"
735,"テキストエディタ","text editor"
736,"テキストデータ","text data"
737,"テキストファイル","text file"
738,"テキストベース","text-based"
739,"テキストボックス","text box"
740,"テキストモード","text mode"
741,"テクスチャ","texture"
742,"テクニカルサポート","technical support"
743,"テクノ","techno"
744,"デコーダ","decoder"
745,"デコーダー","decoder"
746,"デコード","decode"
747,"デザイナ","designer"
748,"デザイナー","designer"
749,"デザイン","design"
750,"テザリング","tethering"
751,"デジタイザ","digitizer"
752,"デジタイザー","digitizer"
753,"デジタルオーディオ","digital audio"
754,"デジタルビデオカメラ","digital video camera"
755,"デジタル","digital"
756,"デスク","desk"
757,"デスクトップコンピュータ","desktop computer"
758,"デスクトップ","desktop"
759,"テスター","tester"
760,"テスト","test"
761,"テストケース","test case"
762,"テストスクリプト","test script"
763,"テストデータ","test data"
764,"テストパターン","test pattern"
765,"テストモード","test mode"
766,"デッドロック","deadlock"
767,"デバイス","device"
768,"デバイスドライバ","device driver"
769,"デバッガ","debugger"
770,"デバッガー","debugger"
771,"デバック","debug"
772,"デバッグ","debug"
773,"デバッグモード","debug mode"
774,"デファクトスタンダード","de facto standard"
775,"デフォルト","default"
776,"デフラグ","defragmentation"
777,"デベロッパー","developer"
778,"デベロッパーズ","developers"
779,"デメリット","demerit"
780,"デモ","demo"
781,"デモンストレーション","demonstration"
782,"デュアル","dual"
783,"デュアルバンド","dual band"
784,"デュアルブート","dual boot"
785,"デュアルモード","dual-mode"
786,"デュープレックス","duplex"
787,"デュプレックス","duplex"
788,"テラ","tera"
789,"テラバイト","terabyte"
790,"デリート","delete"
791,"デリミタ","delimiter"
792,"テレフォニー","telephony"
793,"テンキー","tenkey"
794,"テンプレート","template"
795,"テンポラリ","temporary"
796,"テンポラリファイル","temporary file"
797,"デンマーク","denmark"
798,"トークン","token"
799,"トータルコスト","total cost"
800,"ドキュメンテーション","documentation"
801,"ドキュメント","document"
802,"ドキュメントファイル","document file"
803,"ドッキングステーション","docking station"
804,"ドット","dot"
805,"トップ","top"
806,"トップダウン","top down"
807,"トップページ","front page"
808,"トップメニュー","top menu"
809,"トップレベルドメイン","top level domain"
810,"トピック","topic"
811,"トピックス","topics"
812,"トポロジ","topology"
813,"トポロジー","topology"
814,"ドメイン","domain"
815,"ドメインネーム","domain name"
816,"トライ","try"
817,"ドライバ","driver"
818,"ドライブベイ","drive bay"
819,"トラッキング","tracking"
820,"ドラッグ","drag"
821,"トラックボール","trackball"
822,"トラフィック","traffic"
823,"トラブル","trouble"
824,"トランザクション","transaction"
825,"トランジスタ","transistor"
826,"トランスポート","transport"
827,"トランスレータ","translator"
828,"トリガー","trigger"
829,"トレイ","tray"
830,"トレーシング","tracing"
831,"トレース","trace"
832,"トレードオフ","trade-off"
833,"ドロップ","drop"
834,"ドロップダウンメニュー","drop-down menu"
835,"ドングル","dongle"
836,"ナレッジマネジメント","knowledge management"
837,"ニックネーム","nickname"
838,"ニュースフィード","news feed"
839,"ニューラルネットワーク","neural network"
840,"ネクスト","next"
841,"ネスト","nest"
842,"ネッティング","netting"
843,"ネットブック","netbook"
844,"ネットワーク","network"
845,"ネットワークアダプタ","network adapter"
846,"ネットワークアドレス","network address"
847,"ネットワークインフラ","network infrastructure"
848,"ネットワークケーブル","network cable"
849,"ネットワークドライブ","network drive"
850,"ネットワークプリンタ","network printer"
851,"ネットワークプロトコル","network protocol"
852,"ネットワークリソース","network resource"
853,"ネットワーク、システム","network, system"
854,"ノイズ","noise"
855,"ノウハウ","knowhow"
856,"ノート","note"
857,"ノード","node"
858,"ノーマルモード","normal mode"
859,"ノンブロッキング","non-blocking"
860,"ノンリニア","non-linear"
861,"バーコード","barcode"
862,"バーコードリーダー","barcode reader"
863,"バージョン","version"
864,"バージョンアップ","version up"
865,"バージョン システム","version system"
866,"パース","parse"
867,"バーストモード","burst mode"
868,"パーセンテージ","percentage"
869,"パーソナライズ","personalize"
870,"パーソナルコンピュータ","personal computer"
871,"パーソナルコンピューター","personal computer"
872,"バーチャル","virtual"
873,"バーチャルマシン","virtual machine"
874,"パーツ","part"
875,"パーティクル","particle"
876,"パーティショニング","partitioning"
877,"パーティションテーブル","partition table"
878,"ハードウェア","hardware"
879,"ハードウエア","hardware"
880,"ハードウェアプラットフォーム","hardware platform"
881,"ハードディスク","hard disk"
882,"ハードディスクドライブ","hard disk drive"
883,"ハードドライブ","hard drive"
884,"ハードリンク","hard link"
885,"ハイエンド","high-end"
886,"ハイエンドモデル","high-end model"
887,"バイオス","bios"
888,"バイナリ","binary"
889,"ハイパーテキスト","hyper text"
890,"ハイパーバイザー","hypervisor"
891,"ハイパーリンク","hyper link"
892,"ハイパフォーマンス","high performance"
893,"パイプライン","pipeline"
894,"ハイフン","hyphen"
895,"バグ","bug"
896,"バグフィックス","bug fix"
897,"パケット","packet"
898,"パケットフィルタリング","packet filtering"
899,"パス","pass"
900,"パスコード","passcode"
901,"パスフレーズ","pass phrase"
902,"パスワード","password"
903,"パス","path"
904,"パソコンショップ","personal computer shop"
905,"パソコンユーザー","personal computer user"
906,"パソコン","personal computer"
907,"パターン","pattern"
908,"パターンファイル","pattern file"
909,"パターンマッチング","pattern matching"
910,"ハッカー","hacker"
911,"ハッキング","hacking"
912,"ハック","hack"
913,"バックアップ","backup"
914,"バックアップファイル","backup file"
915,"バックエンド","back-end"
916,"バックオフィス","back office"
917,"バックグラウンド","background"
918,"バックグランド","background"
919,"バックス","backs"
920,"バック","back"
921,"バックドア","backdoor"
922,"バックボーン","backbone"
923,"パッケージ","package"
924,"パッケージソフト","package software"
925,"パッケージソフトウェア","package software"
926,"ハッシュ","hash"
927,"ハッシュアルゴリズム","hash"
928,"ハッシュタグ","hashtag"
929,"パッチ","patch"
930,"バッチジョブ","batch job"
931,"バッチファイル","batch file"
932,"パッチファイル","patch file"
933,"バッチ","batch"
934,"バッテリ","battery"
935,"バッファ","buffer"
936,"バッファー","buffer"
937,"バッファオーバーフロー","buffer overflow"
938,"バッファリング","buffering"
939,"バナー","banner"
940,"パネル","panel"
941,"ハノイ","hanoi"
942,"パフォーマンス","performance"
943,"パブリック","public"
944,"パブリックドメイン","public domain"
945,"バブルソート","bubble sort"
946,"パラメータ","parameter"
947,"パラメーター","parameter"
948,"パラメタ","parameter"
949,"パラレルポート","parallel port"
950,"バランシング","balancing"
951,"パリティ","parity"
952,"バリデーション","validation"
953,"バリュー","value"
954,"バルク","bulk"
955,"パレット","palette"
956,"バンキング","banking"
957,"ハング","hang"
958,"ハンダ","solder"
959,"ハンドシェイク","handshake"
960,"ハンドヘルド","hand held"
961,"ハンドラ","handler"
962,"ハンドリング","handling"
963,"バンドル","handle"
964,"ピア","peer"
965,"ピアツーピア","peer-to-peer"
966,"ヒアリング","hearing"
967,"ビーコン","beacon"
968,"ヒートシンク","heat sink"
969,"ヒープ","heap"
970,"ヒープソート","heap sort"
971,"ビープ","beep"
972,"ピクセル","pixel"
973,"ビジネスアプリケーション","business application"
974,"ビジネスロジック","business logic"
975,"ビジュアル","visual"
976,"ビジョン","vision"
977,"ヒストグラム","histogram"
978,"ビッグエンディアン","big endian"
979,"ビット","bit"
980,"ビットストリーム","bit stream"
981,"ヒット","hit"
982,"ビットマップ","bitmap"
983,"ビットレート","bit rate"
984,"ビデオ","video"
985,"ビデオオンデマンド","video on demand"
986,"ビデオカード","video card"
987,"ビデオ システム","video system"
988,"ビヘイビア","behavior"
989,"ビューアー","viewer"
990,"ビューポート","viewport"
991,"ヒューリスティック","heuristic"
992,"ビューワ","viewer"
993,"ピリオド","period"
994,"ビルト","build"
995,"ビルド","build"
996,"ファースト","first"
997,"ファームウェア","firmware"
998,"ファームウエア","firmware"
999,"ファイアーウォール","firewall"
1000,"ファイアウォール","firewall"
1001,"ファイバチャネル","fiber channel"
1002,"ファイラ","filer"
1003,"ファイリング","filing"
1004,"ファイル","file"
1005,"ファイルアクセス","file access"
1006,"ファイルサーバ","file server"
1007,"ファイルサーバー","file server"
1008,"ファイルサイズ","file size"
1009,"ファイルシステム","file system"
1010,"ファイルハンドル","file handle"
1011,"ファイルフォーマット","file format"
1012,"ファイルマネージャ","file manager"
1013,"ファイル プロトコル","file protocol"
1014,"ファインダ","finder"
1015,"ファインダー","finder"
1016,"ファクタ","factor"
1017,"ファクトリ","factory"
1018,"ファシリティ","facility"
1019,"ファミコン","family computer"
1020,"ファミリーコンピュータ","family computer"
1021,"ファンクション","function"
1022,"ファンクションキー","function key"
1023,"フィート","foot"
1024,"フィード","feed"
1025,"フィードバック","feedback"
1026,"フィールディング","fielding"
1027,"フィールド","field"
1028,"フィックス","fix"
1029,"フィボナッチ","fibonacci"
1030,"フィル","fill"
1031,"フィルタ","filter"
1032,"フィンガー","finger"
1033,"ブート","boot"
1034,"ブートセクタ","boot sector"
1035,"ブートディスク","boot disk"
1036,"ブートレコード","boot recode"
1037,"プール","pool"
1038,"フェーズ","phase"
1039,"フェール","fail"
1040,"フェッチ","fetch"
1041,"フォーカス","focus"
1042,"フォーマット","format"
1043,"フォーム","form"
1044,"フォームファクタ","form factor"
1045,"フォーラム","forum"
1046,"フォールトトレラント","fault-tolerant"
1047,"フォールバック","fallback"
1048,"フォトレタッチ","photo retouching"
1049,"フォトレタッチソフト","photo retouching software"
1050,"フォローアップ","follow up"
1051,"フォワード","forward"
1052,"フォント","font"
1053,"フォントサイズ","font size"
1054,"フォントファイル","font file"
1055,"ブックマークレット","book marklet"
1056,"プッシュ","push"
1057,"フッター","footer"
1058,"プット","put"
1059,"プライオリティ","priority"
1060,"プライバシー","privacy"
1061,"プライベート","private"
1062,"プライベートアドレス","private address"
1063,"ブラウザ","browser"
1064,"ブラウザー","browser"
1065,"ブラウザクラッシャー","browser crusher"
1066,"プラグ","plug"
1067,"プラグアンドプレイ","plug and play"
1068,"プラグイン","plugin"
1069,"フラグメンテーション","fragmentation"
1070,"ブラケット","bracket"
1071,"プラスアルファ","plus alpha"
1072,"プラズマ","plasma"
1073,"ブラックボックス","black box"
1074,"ブラックリスト","black list"
1075,"フラッシュ","flash"
1076,"フラットケーブル","flat cable"
1077,"プラットフォーム","platform"
1078,"プラットホーム","platform"
1079,"ブランク","blank"
1080,"ブランチ","brunch"
1081,"プランニング","planning"
1082,"フリーウェア","freeware"
1083,"フリーソフトウェア","free software"
1084,"プリインストール","preinstall"
1085,"ブリッジ","bridge"
1086,"プリフェッチ","prefetch"
1087,"プリプロセッサー","preprocessor"
1088,"プリペイドカード","prepaid card"
1089,"プリンタ","printer"
1090,"プリントサーバー","print server"
1091,"フルサイズ","full size"
1092,"フルスクリーン","full screen"
1093,"プルダウンメニュー","pull down menu"
1094,"フルバージョン","full version"
1095,"フルバックアップ","full backup"
1096,"プレイヤー","player"
1097,"プレインストール","preinstall"
1098,"ブレークポイント","break point"
1099,"ブレードサーバ","blade server"
1100,"フレーミング","framing"
1101,"フレーム","frame"
1102,"フレームバッファ","frame buffer"
1103,"フレームレート","frame rate"
1104,"プレーヤー","player"
1105,"プレーンテキスト","plain text"
1106,"プレゼン","presentation"
1107,"プレゼンス","presence"
1108,"プレゼンテーション","presentation"
1109,"プレゼンテーションソフト","presentation software"
1110,"プレビュー","preview"
1111,"プレフィックス","prefix"
1112,"フロー","flow"
1113,"ブローカー","broker"
1114,"フローチャート","flowchart"
1115,"フローティング","floating"
1116,"ブロードキャスト","broadcast"
1117,"ブロードバンド","broadband"
1118,"ブロードバンドルータ","broadband router"
1119,"プロキシ","proxy"
1120,"プロキシサーバ","proxy server"
1121,"プロキシサーバー","proxy server"
1122,"プログラマ","programmer"
1123,"プログラマー","programmer"
1124,"プログラマブル","programmable"
1125,"プログラミング","programming"
1126,"プログラミングシステム","programming system"
1127,"プログラム","program"
1128,"プログラムコード","program code"
1129,"プロシージャ","procedure"
1130,"プロジェクタ","projector"
1131,"プロジェクター","projector"
1132,"プロジェクト","project"
1133,"プロジェクトファイル","project file"
1134,"プロセス","process"
1135,"プロセッサ","processor"
1136,"プロセッシング","processing"
1137,"プロダクト","product"
1138,"ブロッキング","blocking"
1139,"ブロックサイズ","block size"
1140,"プロット","plot"
1141,"フロッピー","floppy"
1142,"フロッピーディスク","floppy disk"
1143,"フロッピーディスクドライブ","floppy disk drive"
1144,"フロッピードライブ","floppy drive"
1145,"フロップス","flops"
1146,"プロトコル","protocol"
1147,"プロトコルスタック","protocol stack"
1148,"プロトタイプ","prototype"
1149,"プロバイダ","provider"
1150,"プロバイダー","provider"
1151,"プロビジョニング","provisioning"
1152,"プロファイル","profile"
1153,"プロフェッショナル","professional"
1154,"プロプライエタリ","proprietary"
1155,"プロモーション","promotion"
1156,"フロントエンド","frontend"
1157,"プロンプト","prompt"
1158,"ペイ","pay"
1159,"ペイン","pain"
1160,"ペインティング","painting"
1161,"ペイントソフト","painting software"
1162,"ページ","page"
1163,"ベーシック","basic"
1164,"ページビュー","page view"
1165,"ページレイアウト","page layout"
1166,"ページング","paging"
1167,"ベース","base"
1168,"ペースト","paste"
1169,"ベースバンド","baseband"
1170,"ベータ","beta"
1171,"ベータテスト","beta test"
1172,"ベジェ","bezier"
1173,"ベストプラクティス","best practice"
1174,"ペタバイト","petabyte"
1175,"ヘッダ","header"
1176,"ヘッダーファイル","header file"
1177,"ヘッダファイル","header file"
1178,"ヘッドマウントディスプレイ","head mounted display"
1179,"ペナルティ","penalty"
1180,"ペナルティー","penalty"
1181,"ペネトレーションテスト","penetation test"
1182,"ヘブライ","hebrew"
1183,"ヘルス","health"
1184,"ヘルツ","hertz"
1185,"ヘルパー","helper"
1186,"ヘルプ","help"
1187,"ヘルプデスク","helpdesk"
1188,"ベンダ","vendor"
1189,"ベンチマーク","benchmark"
1190,"ベンチマークテスト","benchmark test"
1191,"ベンチャー","venture"
1192,"ペン","pen"
1193,"ボイスメール","voice mail"
1194,"ポインタ","pointer"
1195,"ポインター","pointer"
1196,"ポインティングデバイス","pointing device"
1197,"ポータブル","portable"
1198,"ポータル","portal"
1199,"ポータルサイト","portal site"
1200,"ボード","board"
1201,"ポート","port"
1202,"ポートフォリオ","portfolio"
1203,"ホームディレクトリ","home directory"
1204,"ポーリング","polling"
1205,"ポスターカラー","poster color"
1206,"ホスティングサービス","hosting service"
1207,"ホスト","host"
1208,"ホストコンピュータ","host computer"
1209,"ホストマシン","host machine"
1210,"ボタン","button"
1211,"ボット","bot"
1212,"ホットキー","hot-key"
1213,"ホットスワップ","hot swap"
1214,"ホットプラグ","hot plugging"
1215,"ポップアップ","pop-up"
1216,"ポップアップウィンドウ","pop-up window"
1217,"ポップアップメニュー","pop-up menu"
1218,"ボトムアップ","bottom-up"
1219,"ボトムアップテスト","bottom-up test"
1220,"ボトルネック","bottle neck"
1221,"ポピュラー","popular"
1222,"ポリシー","policy"
1223,"ボリューム","volume"
1224,"ホワイトカラー","white color"
1225,"ホワイトペーパー","white paper"
1226,"ホワイトボックス","white box"
1227,"ホワイトボックステスト","white box test"
1228,"マーカー","marker"
1229,"マーク","mark"
1230,"マークアップ","mark up language"
1231,"マージ","merge"
1232,"マージン","margin"
1233,"マイクロ","micro"
1234,"マイクロアーキテクチャ","micro"
1235,"マイクロカーネル","micro"
1236,"マイクロコード","micro code"
1237,"マイクロソフト","microsoft"
1238,"マイクロプロセッサ","microprocessor"
1239,"マイコン","microcomputer"
1240,"マイドキュメント","my document"
1241,"マイナーバージョンアップ","minor version up"
1242,"マイニング","mining"
1243,"マウス","mouse"
1244,"マウスカーソル","mouse cursor"
1245,"マウスクリック","mouse click"
1246,"マウスドライバ","mouse driver"
1247,"マウスポインタ","mouse pointer"
1248,"マウスボタン","mouse button"
1249,"マウント","mount"
1250,"マクロ","macro"
1251,"マザーボード","motherboard"
1252,"マシン","machine"
1253,"マスタ","master"
1254,"マスターデータ","master data"
1255,"マッチング","matching"
1256,"マッピング","mapping"
1257,"マップ","map"
1258,"マトリクス","matrix"
1259,"マトリックス","matrix"
1260,"マニュアル","manual"
1261,"マネージャ","manager"
1262,"マネジメント","management"
1263,"マルウェア","malware"
1264,"マルチ","multi"
1265,"マルチウィンドウ","multi window"
1266,"マルチコア","multi core"
1267,"マルチスレッド","multi thread"
1268,"マルチタスキング","multi tasking"
1269,"マルチタスク","multi task"
1270,"マルチタッチ","multi touch"
1271,"マルチディスプレイ","multi display"
1272,"マルチプラットフォーム","multi platform"
1273,"マルチプル","multiple"
1274,"マルチプロセッサ","multi processor"
1275,"マルチメディア","multi media"
1276,"マルチユーザー","multi user"
1277,"ミクロ","micro"
1278,"ミッションクリティカル","mission critical"
1279,"ミッドレンジ","midrange"
1280,"ミドルウェア","middleware"
1281,"ミニゲーム","mini games"
1282,"ミニコン","minicomputer"
1283,"ミニコンピュータ","minicomputer"
1284,"ミリ","milli"
1285,"メインフレーム","mainframe"
1286,"メインボード","mainboard"
1287,"メインメニュー","main menu"
1288,"メインメモリ","main memory"
1289,"メインメモリー","main memory"
1290,"メインループ","main loop"
1291,"メーカ","maker"
1292,"メーター","meter"
1293,"メーラー","mailer"
1294,"メール","mail"
1295,"メールアドレス","mail address"
1296,"メールクライアント","mail client"
1297,"メールサーバ","mail server"
1298,"メールサーバー","mail server"
1299,"メールソフト","mail software"
1300,"メールボックス","mail box"
1301,"メールマガジン","mail magazine"
1302,"メカニカル","mechanical"
1303,"メカニズム","mechanism"
1304,"メガバイト","mega byte"
1305,"メジャーバージョンアップ","major version up"
1306,"メソッド","method"
1307,"メタキャラクタ","meta character"
1308,"メタタグ","meta tag"
1309,"メタデータ","meta data"
1310,"メタ","meta"
1311,"メッセージ","message"
1312,"メッセージキュー","message queue"
1313,"メッセージボックス","message box"
1314,"メッセージング","messaging"
1315,"メッセージングサービス","messaging service"
1316,"メディア","media"
1317,"メディアファイル","media file"
1318,"メディアプレーヤー","media player"
1319,"メトリクス","metrics"
1320,"メニュー","menu"
1321,"メニューアイテム","menu item"
1322,"メモ","memo"
1323,"メモリ","memory"
1324,"メモリアドレス","memory address"
1325,"メモリー","memory"
1326,"メモリーカード","memory card"
1327,"メモリチップ","memory tip"
1328,"メモリモジュール","memory module"
1329,"メモリリーク","memory leak"
1330,"メリット","merit"
1331,"メンテナンス","maintenance"
1332,"メンバ","member"
1333,"モーション","motion"
1334,"モーションキャプチャ","motion capture"
1335,"モータ","motor"
1336,"モード","mode"
1337,"モールス","morse"
1338,"モジュール","module"
1339,"モックアップ","mock-up"
1340,"モデム","modem"
1341,"モデリング","modeling"
1342,"モデルケース","model case"
1343,"モデル","model"
1344,"モニタ","monitor"
1345,"モニタリング","monitoring"
1346,"モノクロ","monochrome"
1347,"モノラル","monaural"
1348,"モノリシック","monolithic"
1349,"モバイル","mobile"
1350,"モバイルコンピューティング","mobile computing"
1351,"モンテカルロ","monte carlo"
1352,"ユーザ","user"
1353,"ユーザー","user"
1354,"ユーザーアカウント","user account"
1355,"ユーザーインターフェイス","user interface"
1356,"ユーザーインターフェース","user interface"
1357,"ユーザーインタフェース","user interface"
1358,"ユーザアカウント","user account"
1359,"ユーザーサポート","user support"
1360,"ユーザインターフェース","user interface"
1361,"ユーザインタフェース","user interface"
1362,"ユーザデータ","user data"
1363,"ユーザビリティ","usability"
1364,"ユースケース","use case"
1365,"ユーティリティ","utility"
1366,"ユーティリティー","utility"
1367,"ユニーク","unique"
1368,"ユニコード","unicode"
1369,"ユニックス","unix"
1370,"ユニバーサル","universal"
1371,"ユニファイ","unify"
1372,"ユビキタス","ubiquitous"
1373,"ライセンス","license"
1374,"ライセンスフリー","license free"
1375,"ライタ","writer"
1376,"ライフサイクル","life cycle"
1377,"ライブラリ","library"
1378,"ライブラリー","library"
1379,"ライブラリディレクトリ","library directory"
1380,"ライブラリファイル","library files"
1381,"ラインアウト","line-out"
1382,"ラインモード","line mode"
1383,"ラジオボタン","radio button"
1384,"ラックマウント","rack mount"
1385,"ラベル","label"
1386,"ランタイム","runtime"
1387,"ランダム","random"
1388,"ランダムアクセス","random access"
1389,"ランダムサンプリング","random sampling"
1390,"リアルタイム","real time"
1391,"リーク","leak"
1392,"リージョン","region"
1393,"リーダ","reader"
1394,"リーチ","reach"
1395,"リード","lead"
1396,"リードオンリー","read only"
1397,"リードタイム","read time"
1398,"リカバリ","recovery"
1399,"リクエスト","request"
1400,"リクルート","recruit"
1401,"リサーチ","research"
1402,"リジェクト","reject"
1403,"リスタート","restart"
1404,"リスト","list"
1405,"リストアップ","list up"
1406,"リスナー","listener"
1407,"リセット","reset"
1408,"リセットスイッチ","reset switch"
1409,"リソース","resource"
1410,"リソースファイル","resource file"
1411,"リターン","return"
1412,"リターンキー","return key"
1413,"リダクション","reduction"
1414,"リチウムイオン","lithium ion"
1415,"リッピング","ripping"
1416,"リテラル","literal"
1417,"リナックス","linux"
1418,"リニア","linear"
1419,"リバースエンジニアリング","reverse engineering"
1420,"リファレンス","reference"
1421,"リブート","reboot"
1422,"リフレッシュ","refresh"
1423,"リフレッシュレート","refresh rate"
1424,"リムーバブル","removable"
1425,"リムーバブルディスク","removable disk"
1426,"リムーバブルメディア","removable medium"
1427,"リモート","remote"
1428,"リモートアクセス","remote access"
1429,"リモートコントロール","remote control"
1430,"リモートホスト","remote host"
1431,"リモートログイン","remote login"
1432,"リライト","rewrite"
1433,"リリース","release"
1434,"リリースノート","release notes"
1435,"リレーショナル","relational"
1436,"リレーショナルデータベース","relational database"
1437,"リレーション","relations"
1438,"リロードボタン","reload button"
1439,"リンカー","linker"
1440,"リンク","link"
1441,"ルーツ","roots"
1442,"ルーティング","routing"
1443,"ルーティングテーブル","routing table"
1444,"ルート","root"
1445,"ルートディレクトリ","root directory"
1446,"ループ","loop"
1447,"ルール","rule"
1448,"ルック＆フィール","look and feel"
1449,"ルックアップ","look up"
1450,"ルビ","ruby"
1451,"レイアウト","layout"
1452,"レイオフ","layoff"
1453,"レイヤ","layer"
1454,"レーザー","laser"
1455,"レガシー","legacy"
1456,"レガシーシステム","legacy system"
1457,"レコード","record"
1458,"レジスタ","register"
1459,"レジスター","register"
1460,"レジストリ","registry"
1461,"レジストリエディタ","registry editor"
1462,"レジューム","resume"
1463,"レスポンス","response"
1464,"レスポンスタイム","response time"
1465,"レビュー","review"
1466,"レプリケーション","replication"
1467,"レポジトリ","repository"
1468,"レンダリング","rendering"
1469,"ロイヤリティ","royalty"
1470,"ローエンド","low-end"
1471,"ローカリゼーション","localization"
1472,"ローカル","local"
1473,"ローカルエリアネットワーク","local area network"
1474,"ローカルディスク","local disk"
1475,"ローダ","loader"
1476,"ローダー","loader"
1477,"ローディング","loading"
1478,"ロード","load"
1479,"ロードバランサ","load balancer"
1480,"ロードバランシング","load balancing"
1481,"ローマ","rome"
1482,"ロールアウト","rollout"
1483,"ロールバック","rollback"
1484,"ローレベル","low level"
1485,"ロガー","logger"
1486,"ロギング","logging"
1487,"ログ","log"
1488,"ログアウト","logout"
1489,"ログイン","login"
1490,"ログオフ","log off"
1491,"ログオン","log on"
1492,"ログファイル","log file"
1493,"ロケーション","location"
1494,"ロゴ","logo"
1495,"ロジック","logic"
1496,"ロック","lock"
1497,"ロボット","robot"
1498,"ロボット　エンジン","robot engine"
1499,"ワーキング","working"
1500,"ワーキンググループ","working group"
1501,"ワーク","work"
1502,"ワークグループ","workgroup"
1503,"ワークシート","worksheet"
1504,"ワークステーション","workstation"
1505,"ワークスペース","workspace"
1506,"ワークフロー","workflow"
1507,"ワードプロセッサ","word processor"
1508,"ワープロ","word processor"
1509,"ワープロソフト","word-processing software"
1510,"ワールドワイドウェブ","world wide web"
1511,"ワイヤーフレーム","wire frame"
1512,"ワクチンソフト","anti-virus software"
1513,"ワンタイムパスワード","one-time password"
1514,"ユーザ","a user"
1515,"ドライブ","drive"
1516,"サイズ","size"
1517,"ソフト","software"
1518,"フォルダ","folder"
1519,"ケーブル","cable"
1520,"ファイバ","fiber"
1521,"ファイバー","fiber"
1522,"テープ","tape"
1523,"ヘッド","head"
1524,"ソース","source"
1525,"レート","rate"
1526,"メロ","melo"
1527,"ユニット","unit"
1528,"ブック","book"
1529,"マネー","money"
1530,"メール","e-mail"
1531,"メールアドレス","e-mail address"
1532,"データベース","data base"
1533,"セット","set"
